Datetime,Water Level (m)
2025-05-28 00:00:00,0.61648995
2025-05-28 01:00:00,0.13894121
2025-05-28 02:00:00,-0.32107934
2025-05-28 03:00:00,-0.7313833
2025-05-28 04:00:00,-0.89830315
2025-05-28 05:00:00,-0.36164054
2025-05-28 06:00:00,0.41284552
2025-05-28 07:00:00,1.2069925
2025-05-28 08:00:00,1.8651934
2025-05-28 09:00:00,2.2470517
2025-05-28 10:00:00,2.2934232
2025-05-28 11:00:00,1.9233601
2025-05-28 12:00:00,1.4037621
2025-05-28 13:00:00,0.85380644
2025-05-28 14:00:00,0.30963477
2025-05-28 15:00:00,-0.18339345
2025-05-28 16:00:00,-0.5861301
2025-05-28 17:00:00,-0.56900126
2025-05-28 18:00:00,-0.006129516
2025-05-28 19:00:00,0.7023809
2025-05-28 20:00:00,1.3372369
2025-05-28 21:00:00,1.8108797
2025-05-28 22:00:00,1.9863689
2025-05-28 23:00:00,1.7662535
2025-05-29 00:00:00,1.3285912
2025-05-29 01:00:00,0.83569914
2025-05-29 02:00:00,0.3313983
2025-05-29 03:00:00,-0.1275104
2025-05-29 04:00:00,-0.46669045
2025-05-29 05:00:00,-0.22714683
2025-05-29 06:00:00,0.49913532
2025-05-29 07:00:00,1.3215654
2025-05-29 08:00:00,2.115136
2025-05-29 09:00:00,2.7137375
2025-05-29 10:00:00,3.039605
2025-05-29 11:00:00,2.9849856
2025-05-29 12:00:00,2.5539277
2025-05-29 13:00:00,2.022962
2025-05-29 14:00:00,1.4715536
2025-05-29 15:00:00,0.91945857
2025-05-29 16:00:00,0.4127464
2025-05-29 17:00:00,0.03399448
2025-05-29 18:00:00,0.15917934
2025-05-29 19:00:00,0.74695486
2025-05-29 20:00:00,1.3504782
2025-05-29 21:00:00,1.8919513
2025-05-29 22:00:00,2.2577572
2025-05-29 23:00:00,2.3154528
2025-05-30 00:00:00,2.0081732
2025-05-30 01:00:00,1.5348948
2025-05-30 02:00:00,1.0176604
2025-05-30 03:00:00,0.50759083
2025-05-30 04:00:00,0.05128479
2025-05-30 05:00:00,-0.27593264
2025-05-30 06:00:00,-0.10769447
2025-05-30 07:00:00,0.5129689
2025-05-30 08:00:00,1.217429
2025-05-30 09:00:00,1.8706027
2025-05-30 10:00:00,2.3544233
2025-05-30 11:00:00,2.543032
2025-05-30 12:00:00,2.3087919
2025-05-30 13:00:00,1.8309696
2025-05-30 14:00:00,1.2941672
2025-05-30 15:00:00,0.7419497
2025-05-30 16:00:00,0.20987865
2025-05-30 17:00:00,-0.2672442
2025-05-30 18:00:00,-0.6190866
2025-05-30 19:00:00,-0.49248376
2025-05-30 20:00:00,0.07825121
2025-05-30 21:00:00,0.7095685
2025-05-30 22:00:00,1.2402139
2025-05-30 23:00:00,1.5905463
2025-05-31 00:00:00,1.6473162
2025-05-31 01:00:00,1.3514113
2025-05-31 02:00:00,0.9211895
2025-05-31 03:00:00,0.4449736
2025-05-31 04:00:00,-0.015459121
2025-05-31 05:00:00,-0.4404177
2025-05-31 06:00:00,-0.72067714
2025-05-31 07:00:00,-0.4553004
2025-05-31 08:00:00,0.18518871
2025-05-31 09:00:00,0.8894301
2025-05-31 10:00:00,1.5118438
2025-05-31 11:00:00,1.9610118
2025-05-31 12:00:00,2.126492
2025-05-31 13:00:00,1.891588
2025-05-31 14:00:00,1.4486185
2025-05-31 15:00:00,0.9470395
2025-05-31 16:00:00,0.43526104
2025-05-31 17:00:00,-0.045818996
2025-05-31 18:00:00,-0.47346333
2025-05-31 19:00:00,-0.70541894
2025-05-31 20:00:00,-0.41696596
2025-05-31 21:00:00,0.16169636
2025-05-31 22:00:00,0.75165606
2025-05-31 23:00:00,1.2423203
2025-06-01 00:00:00,1.5515441
2025-06-01 01:00:00,1.5628841
2025-06-01 02:00:00,1.2630563
2025-06-01 03:00:00,0.8465669
2025-06-01 04:00:00,0.39159432
2025-06-01 05:00:00,-0.034734625
2025-06-01 06:00:00,-0.41032296
2025-06-01 07:00:00,-0.58444434
2025-06-01 08:00:00,-0.2217832
2025-06-01 09:00:00,0.3894391
2025-06-01 10:00:00,1.0114098
2025-06-01 11:00:00,1.5512983
2025-06-01 12:00:00,1.9155862
2025-06-01 13:00:00,1.9873148
2025-06-01 14:00:00,1.7086015
2025-06-01 15:00:00,1.270988
2025-06-01 16:00:00,0.78730714
2025-06-01 17:00:00,0.29821765
2025-06-01 18:00:00,-0.15300763
2025-06-01 19:00:00,-0.54308516
2025-06-01 20:00:00,-0.719611
2025-06-01 21:00:00,-0.41599214
2025-06-01 22:00:00,0.12150296
2025-06-01 23:00:00,0.6596727
2025-06-02 00:00:00,1.1130439
2025-06-02 01:00:00,1.3979886
2025-06-02 02:00:00,1.417567
2025-06-02 03:00:00,1.1527532
2025-06-02 04:00:00,0.76446056
2025-06-02 05:00:00,0.33568972
2025-06-02 06:00:00,-0.061647654
2025-06-02 07:00:00,-0.40498596
2025-06-02 08:00:00,-0.5513553
2025-06-02 09:00:00,-0.23330776
2025-06-02 10:00:00,0.31593892
2025-06-02 11:00:00,0.8723225
2025-06-02 12:00:00,1.3525436
2025-06-02 13:00:00,1.6724691
2025-06-02 14:00:00,1.7255335
2025-06-02 15:00:00,1.4714161
2025-06-02 16:00:00,1.0682307
2025-06-02 17:00:00,0.62274885
2025-06-02 18:00:00,0.17823762
2025-06-02 19:00:00,-0.22043389
2025-06-02 20:00:00,-0.5449823
2025-06-02 21:00:00,-0.63890994
2025-06-02 22:00:00,-0.3221217
2025-06-02 23:00:00,0.16566351
2025-06-03 00:00:00,0.6514929
